date,price
01 January 2017,"₹2,745"
02 January 2017,"₹2,754"
03 January 2017,"₹2,763"
04 January 2017,"₹2,775"
05 January 2017,"₹2,788"
06 January 2017,"₹2,791"
07 January 2017,"₹2,789"
08 January 2017,"₹2,789"
09 January 2017,"₹2,793"
10 January 2017,"₹2,818"
11 January 2017,"₹2,817"
12 January 2017,"₹2,847"
13 January 2017,"₹2,828"
14 January 2017,"₹2,838"
15 January 2017,"₹2,838"
16 January 2017,"₹2,855"
17 January 2017,"₹2,873"
18 January 2017,"₹2,880"
19 January 2017,"₹2,849"
20 January 2017,"₹2,859"
21 January 2017,"₹2,863"
22 January 2017,"₹2,863"
23 January 2017,"₹2,876"
24 January 2017,"₹2,877"
25 January 2017,"₹2,843"
26 January 2017,"₹2,839"
27 January 2017,"₹2,820"
28 January 2017,"₹2,835"
29 January 2017,"₹2,835"
30 January 2017,"₹2,843"
31 January 2017,"₹2,883"
01 February 2017,"₹2,882"
02 February 2017,"₹2,922"
03 February 2017,"₹2,890"
04 February 2017,"₹2,891"
05 February 2017,"₹2,891"
06 February 2017,"₹2,908"
07 February 2017,"₹2,927"
08 February 2017,"₹2,939"
09 February 2017,"₹2,922"
10 February 2017,"₹2,903"
11 February 2017,"₹2,917"
12 February 2017,"₹2,917"
13 February 2017,"₹2,902"
14 February 2017,"₹2,912"
15 February 2017,"₹2,900"
16 February 2017,"₹2,934"
17 February 2017,"₹2,942"
18 February 2017,"₹2,936"
19 February 2017,"₹2,936"
20 February 2017,"₹2,926"
21 February 2017,"₹2,919"
22 February 2017,"₹2,930"
23 February 2017,"₹2,941"
24 February 2017,"₹2,955"
25 February 2017,"₹2,962"
26 February 2017,"₹2,962"
27 February 2017,"₹2,965"
28 February 2017,"₹2,960"
01 March 2017,"₹2,935"
02 March 2017,"₹2,929"
03 March 2017,"₹2,904"
04 March 2017,"₹2,902"
05 March 2017,"₹2,902"
06 March 2017,"₹2,908"
07 March 2017,"₹2,880"
08 March 2017,"₹2,864"
09 March 2017,"₹2,852"
10 March 2017,"₹2,834"
11 March 2017,"₹2,837"
12 March 2017,"₹2,837"
13 March 2017,"₹2,825"
14 March 2017,"₹2,812"
15 March 2017,"₹2,796"
16 March 2017,"₹2,845"
17 March 2017,"₹2,848"
18 March 2017,"₹2,851"
19 March 2017,"₹2,851"
20 March 2017,"₹2,854"
21 March 2017,"₹2,865"
22 March 2017,"₹2,888"
23 March 2017,"₹2,886"
24 March 2017,"₹2,880"
25 March 2017,"₹2,879"
26 March 2017,"₹2,879"
27 March 2017,"₹2,884"
28 March 2017,"₹2,888"
29 March 2017,"₹2,865"
30 March 2017,"₹2,864"
31 March 2017,"₹2,851"
01 April 2017,"₹2,846"
02 April 2017,"₹2,846"
03 April 2017,"₹2,869"
04 April 2017,"₹2,889"
05 April 2017,"₹2,868"
06 April 2017,"₹2,875"
07 April 2017,"₹2,889"
08 April 2017,"₹2,868"
09 April 2017,"₹2,868"
10 April 2017,"₹2,869"
11 April 2017,"₹2,909"
12 April 2017,"₹2,926"
13 April 2017,"₹2,933"
14 April 2017,"₹2,941"
15 April 2017,"₹2,941"
16 April 2017,"₹2,941"
17 April 2017,"₹2,946"
18 April 2017,"₹2,941"
19 April 2017,"₹2,928"
20 April 2017,"₹2,931"
21 April 2017,"₹2,938"
22 April 2017,"₹2,942"
23 April 2017,"₹2,942"
24 April 2017,"₹2,908"
25 April 2017,"₹2,891"
26 April 2017,"₹2,873"
27 April 2017,"₹2,881"
28 April 2017,"₹2,886"
29 April 2017,"₹2,887"
30 April 2017,"₹2,887"
01 May 2017,"₹2,883"
02 May 2017,"₹2,857"
03 May 2017,"₹2,849"
04 May 2017,"₹2,809"
05 May 2017,"₹2,810"
06 May 2017,"₹2,807"
07 May 2017,"₹2,807"
08 May 2017,"₹2,810"
09 May 2017,"₹2,800"
10 May 2017,"₹2,805"
11 May 2017,"₹2,806"
12 May 2017,"₹2,807"
13 May 2017,"₹2,801"
14 May 2017,"₹2,801"
15 May 2017,"₹2,808"
16 May 2017,"₹2,812"
17 May 2017,"₹2,858"
18 May 2017,"₹2,875"
19 May 2017,"₹2,861"
20 May 2017,"₹2,864"
21 May 2017,"₹2,864"
22 May 2017,"₹2,874"
23 May 2017,"₹2,890"
24 May 2017,"₹2,869"
25 May 2017,"₹2,864"
26 May 2017,"₹2,885"
27 May 2017,"₹2,889"
28 May 2017,"₹2,889"
29 May 2017,"₹2,889"
30 May 2017,"₹2,879"
31 May 2017,"₹2,871"
01 June 2017,"₹2,862"
02 June 2017,"₹2,888"
03 June 2017,"₹2,887"
04 June 2017,"₹2,887"
05 June 2017,"₹2,899"
06 June 2017,"₹2,953"
07 June 2017,"₹2,952"
08 June 2017,"₹2,910"
09 June 2017,"₹2,895"
10 June 2017,"₹2,902"
11 June 2017,"₹2,902"
12 June 2017,"₹2,899"
13 June 2017,"₹2,890"
14 June 2017,"₹2,903"
15 June 2017,"₹2,879"
16 June 2017,"₹2,874"
17 June 2017,"₹2,869"
18 June 2017,"₹2,869"
19 June 2017,"₹2,859"
20 June 2017,"₹2,853"
21 June 2017,"₹2,854"
22 June 2017,"₹2,868"
23 June 2017,"₹2,874"
24 June 2017,"₹2,873"
25 June 2017,"₹2,873"
26 June 2017,"₹2,847"
27 June 2017,"₹2,856"
28 June 2017,"₹2,860"
29 June 2017,"₹2,851"
30 June 2017,"₹2,847"
01 July 2017,"₹2,844"
02 July 2017,"₹2,844"
03 July 2017,"₹2,815"
04 July 2017,"₹2,813"
05 July 2017,"₹2,809"
06 July 2017,"₹2,811"
07 July 2017,"₹2,786"
08 July 2017,"₹2,778"
09 July 2017,"₹2,778"
10 July 2017,"₹2,772"
11 July 2017,"₹2,769"
12 July 2017,"₹2,793"
13 July 2017,"₹2,786"
14 July 2017,"₹2,798"
15 July 2017,"₹2,800"
16 July 2017,"₹2,800"
17 July 2017,"₹2,810"
18 July 2017,"₹2,824"
19 July 2017,"₹2,822"
20 July 2017,"₹2,830"
21 July 2017,"₹2,848"
22 July 2017,"₹2,854"
23 July 2017,"₹2,854"
24 July 2017,"₹2,855"
25 July 2017,"₹2,846"
26 July 2017,"₹2,836"
27 July 2017,"₹2,842"
28 July 2017,"₹2,853"
29 July 2017,"₹2,858"
30 July 2017,"₹2,858"
31 July 2017,"₹2,859"
01 August 2017,"₹2,848"
02 August 2017,"₹2,847"
03 August 2017,"₹2,847"
04 August 2017,"₹2,844"
05 August 2017,"₹2,841"
06 August 2017,"₹2,841"
07 August 2017,"₹2,845"
08 August 2017,"₹2,833"
09 August 2017,"₹2,877"
10 August 2017,"₹2,919"
11 August 2017,"₹2,917"
12 August 2017,"₹2,920"
13 August 2017,"₹2,920"
14 August 2017,"₹2,908"
15 August 2017,"₹2,908"
16 August 2017,"₹2,890"
17 August 2017,"₹2,910"
18 August 2017,"₹2,933"
19 August 2017,"₹2,916"
20 August 2017,"₹2,916"
21 August 2017,"₹2,924"
22 August 2017,"₹2,910"
23 August 2017,"₹2,915"
24 August 2017,"₹2,907"
25 August 2017,"₹2,911"
26 August 2017,"₹2,917"
27 August 2017,"₹2,917"
28 August 2017,"₹2,926"
29 August 2017,"₹2,978"
30 August 2017,"₹2,955"
31 August 2017,"₹2,971"
01 September 2017,"₹2,978"
02 September 2017,"₹2,982"
03 September 2017,"₹2,982"
04 September 2017,"₹3,011"
05 September 2017,"₹3,014"
06 September 2017,"₹3,020"
07 September 2017,"₹3,026"
08 September 2017,"₹3,026"
09 September 2017,"₹3,027"
10 September 2017,"₹3,027"
11 September 2017,"₹3,001"
12 September 2017,"₹2,990"
13 September 2017,"₹2,988"
14 September 2017,"₹2,992"
15 September 2017,"₹2,987"
16 September 2017,"₹2,986"
17 September 2017,"₹2,986"
18 September 2017,"₹2,963"
19 September 2017,"₹2,967"
20 September 2017,"₹2,978"
21 September 2017,"₹2,951"
22 September 2017,"₹2,963"
23 September 2017,"₹2,959"
24 September 2017,"₹2,959"
25 September 2017,"₹2,979"
26 September 2017,"₹2,992"
27 September 2017,"₹2,976"
28 September 2017,"₹2,957"
29 September 2017,"₹2,961"
30 September 2017,"₹2,956"
01 October 2017,"₹2,956"
02 October 2017,"₹2,956"
03 October 2017,"₹2,939"
04 October 2017,"₹2,931"
05 October 2017,"₹2,935"
06 October 2017,"₹2,955"
07 October 2017,"₹2,957"
08 October 2017,"₹2,957"
09 October 2017,"₹2,973"
10 October 2017,"₹2,985"
11 October 2017,"₹2,977"
12 October 2017,"₹2,980"
13 October 2017,"₹2,979"
14 October 2017,"₹2,985"
15 October 2017,"₹2,985"
16 October 2017,"₹2,992"
17 October 2017,"₹2,964"
18 October 2017,"₹2,957"
19 October 2017,"₹2,968"
20 October 2017,"₹2,961"
21 October 2017,"₹2,955"
22 October 2017,"₹2,955"
23 October 2017,"₹2,941"
24 October 2017,"₹2,950"
25 October 2017,"₹2,935"
26 October 2017,"₹2,932"
27 October 2017,"₹2,929"
28 October 2017,"₹2,932"
29 October 2017,"₹2,932"
30 October 2017,"₹2,930"
31 October 2017,"₹2,918"
01 November 2017,"₹2,924"
02 November 2017,"₹2,928"
03 November 2017,"₹2,915"
04 November 2017,"₹2,909"
05 November 2017,"₹2,909"
06 November 2017,"₹2,917"
07 November 2017,"₹2,940"
08 November 2017,"₹2,953"
09 November 2017,"₹2,959"
10 November 2017,"₹2,966"
11 November 2017,"₹2,949"
12 November 2017,"₹2,949"
13 November 2017,"₹2,957"
14 November 2017,"₹2,948"
15 November 2017,"₹2,965"
16 November 2017,"₹2,952"
17 November 2017,"₹2,948"
18 November 2017,"₹2,969"
19 November 2017,"₹2,969"
20 November 2017,"₹2,962"
21 November 2017,"₹2,940"
22 November 2017,"₹2,945"
23 November 2017,"₹2,945"
24 November 2017,"₹2,944"
25 November 2017,"₹2,938"
26 November 2017,"₹2,938"
27 November 2017,"₹2,945"
28 November 2017,"₹2,941"
29 November 2017,"₹2,925"
30 November 2017,"₹2,918"
01 December 2017,"₹2,908"
02 December 2017,"₹2,921"
03 December 2017,"₹2,921"
04 December 2017,"₹2,903"
05 December 2017,"₹2,911"
06 December 2017,"₹2,898"
07 December 2017,"₹2,876"
08 December 2017,"₹2,857"
09 December 2017,"₹2,853"
10 December 2017,"₹2,853"
11 December 2017,"₹2,840"
12 December 2017,"₹2,817"
13 December 2017,"₹2,816"
14 December 2017,"₹2,825"
15 December 2017,"₹2,831"
16 December 2017,"₹2,825"
17 December 2017,"₹2,825"
18 December 2017,"₹2,844"
19 December 2017,"₹2,843"
20 December 2017,"₹2,845"
21 December 2017,"₹2,845"
22 December 2017,"₹2,858"
23 December 2017,"₹2,866"
24 December 2017,"₹2,866"
25 December 2017,"₹2,866"
26 December 2017,"₹2,880"
27 December 2017,"₹2,890"
28 December 2017,"₹2,903"
29 December 2017,"₹2,906"
30 December 2017,"₹2,917"
31 December 2017,"₹2,917"
01 January 2018,"₹2,912"
02 January 2018,"₹2,918"
03 January 2018,"₹2,924"
04 January 2018,"₹2,917"
05 January 2018,"₹2,918"
06 January 2018,"₹2,922"
07 January 2018,"₹2,922"
08 January 2018,"₹2,925"
09 January 2018,"₹2,917"
10 January 2018,"₹2,932"
11 January 2018,"₹2,938"
12 January 2018,"₹2,944"
13 January 2018,"₹2,957"
14 January 2018,"₹2,957"
15 January 2018,"₹2,973"
16 January 2018,"₹2,976"
17 January 2018,"₹2,976"
18 January 2018,"₹2,964"
19 January 2018,"₹2,975"
20 January 2018,"₹2,977"
21 January 2018,"₹2,977"
22 January 2018,"₹2,984"
23 January 2018,"₹2,982"
24 January 2018,"₹3,021"
25 January 2018,"₹3,021"
26 January 2018,"₹3,036"
27 January 2018,"₹3,036"
28 January 2018,"₹3,036"
29 January 2018,"₹3,006"
30 January 2018,"₹3,016"
31 January 2018,"₹3,009"
01 February 2018,"₹3,045"
02 February 2018,"₹3,034"
03 February 2018,"₹3,037"
04 February 2018,"₹3,037"
05 February 2018,"₹3,027"
06 February 2018,"₹3,031"
07 February 2018,"₹3,010"
08 February 2018,"₹2,995"
09 February 2018,"₹2,994"
10 February 2018,"₹3,001"
11 February 2018,"₹3,001"
12 February 2018,"₹3,012"
13 February 2018,"₹3,018"
14 February 2018,"₹3,033"
15 February 2018,"₹3,058"
16 February 2018,"₹3,078"
17 February 2018,"₹3,080"
18 February 2018,"₹3,080"
19 February 2018,"₹3,076"
20 February 2018,"₹3,072"
21 February 2018,"₹3,051"
22 February 2018,"₹3,048"
23 February 2018,"₹3,045"
24 February 2018,"₹3,051"
25 February 2018,"₹3,051"
26 February 2018,"₹3,056"
27 February 2018,"₹3,047"
28 February 2018,"₹3,036"
01 March 2018,"₹3,019"
02 March 2018,"₹3,050"
03 March 2018,"₹3,045"
04 March 2018,"₹3,045"
05 March 2018,"₹3,036"
06 March 2018,"₹3,059"
07 March 2018,"₹3,046"
08 March 2018,"₹3,044"
09 March 2018,"₹3,040"
10 March 2018,"₹3,040"
11 March 2018,"₹3,040"
12 March 2018,"₹3,032"
13 March 2018,"₹3,038"
14 March 2018,"₹3,041"
15 March 2018,"₹3,032"
16 March 2018,"₹3,023"
17 March 2018,"₹3,022"
18 March 2018,"₹3,022"
19 March 2018,"₹3,043"
20 March 2018,"₹3,026"
21 March 2018,"₹3,045"
22 March 2018,"₹3,049"
23 March 2018,"₹3,089"
24 March 2018,"₹3,091"
25 March 2018,"₹3,091"
26 March 2018,"₹3,093"
27 March 2018,"₹3,071"
28 March 2018,"₹3,052"
29 March 2018,"₹3,042"
30 March 2018,"₹3,041"
31 March 2018,"₹3,041"
01 April 2018,"₹3,041"
02 April 2018,"₹3,096"
03 April 2018,"₹3,064"
04 April 2018,"₹3,072"
05 April 2018,"₹3,035"
06 April 2018,"₹3,070"
07 April 2018,"₹3,069"
08 April 2018,"₹3,069"
09 April 2018,"₹3,076"
10 April 2018,"₹3,086"
11 April 2018,"₹3,135"
12 April 2018,"₹3,101"
13 April 2018,"₹3,111"
14 April 2018,"₹3,112"
15 April 2018,"₹3,112"
16 April 2018,"₹3,130"
17 April 2018,"₹3,139"
18 April 2018,"₹3,154"
19 April 2018,"₹3,160"
20 April 2018,"₹3,144"
21 April 2018,"₹3,143"
22 April 2018,"₹3,143"
23 April 2018,"₹3,128"
24 April 2018,"₹3,139"
25 April 2018,"₹3,139"
26 April 2018,"₹3,125"
27 April 2018,"₹3,121"
28 April 2018,"₹3,121"
29 April 2018,"₹3,121"
30 April 2018,"₹3,104"
01 May 2018,"₹3,091"
02 May 2018,"₹3,093"
03 May 2018,"₹3,105"
04 May 2018,"₹3,112"
05 May 2018,"₹3,111"
06 May 2018,"₹3,111"
07 May 2018,"₹3,126"
08 May 2018,"₹3,123"
09 May 2018,"₹3,130"
10 May 2018,"₹3,136"
11 May 2018,"₹3,153"
12 May 2018,"₹3,152"
13 May 2018,"₹3,152"
14 May 2018,"₹3,149"
15 May 2018,"₹3,117"
16 May 2018,"₹3,100"
17 May 2018,"₹3,098"
18 May 2018,"₹3,108"
19 May 2018,"₹3,109"
20 May 2018,"₹3,109"
21 May 2018,"₹3,112"
22 May 2018,"₹3,111"
23 May 2018,"₹3,119"
24 May 2018,"₹3,148"
25 May 2018,"₹3,118"
26 May 2018,"₹3,119"
27 May 2018,"₹3,119"
28 May 2018,"₹3,097"
29 May 2018,"₹3,118"
30 May 2018,"₹3,104"
31 May 2018,"₹3,087"
01 June 2018,"₹3,055"
02 June 2018,"₹3,055"
03 June 2018,"₹3,055"
04 June 2018,"₹3,060"
05 June 2018,"₹3,068"
06 June 2018,"₹3,085"
07 June 2018,"₹3,119"
08 June 2018,"₹3,122"
09 June 2018,"₹3,122"
10 June 2018,"₹3,122"
11 June 2018,"₹3,122"
12 June 2018,"₹3,116"
13 June 2018,"₹3,114"
14 June 2018,"₹3,139"
15 June 2018,"₹3,101"
16 June 2018,"₹3,101"
17 June 2018,"₹3,101"
18 June 2018,"₹3,099"
19 June 2018,"₹3,088"
20 June 2018,"₹3,077"
21 June 2018,"₹3,062"
22 June 2018,"₹3,062"
23 June 2018,"₹3,061"
24 June 2018,"₹3,061"
25 June 2018,"₹3,065"
26 June 2018,"₹3,055"
27 June 2018,"₹3,069"
28 June 2018,"₹3,049"
29 June 2018,"₹3,043"
30 June 2018,"₹3,043"
01 July 2018,"₹3,043"
02 July 2018,"₹3,029"
03 July 2018,"₹3,050"
04 July 2018,"₹3,062"
05 July 2018,"₹3,064"
06 July 2018,"₹3,056"
07 July 2018,"₹3,056"
08 July 2018,"₹3,056"
09 July 2018,"₹3,062"
10 July 2018,"₹3,053"
11 July 2018,"₹3,030"
12 July 2018,"₹3,015"
13 July 2018,"₹3,010"
14 July 2018,"₹3,011"
15 July 2018,"₹3,011"
16 July 2018,"₹3,009"
17 July 2018,"₹2,974"
18 July 2018,"₹2,976"
19 July 2018,"₹2,988"
20 July 2018,"₹2,990"
21 July 2018,"₹2,990"
22 July 2018,"₹2,990"
23 July 2018,"₹2,986"
24 July 2018,"₹2,984"
25 July 2018,"₹2,992"
26 July 2018,"₹2,978"
27 July 2018,"₹2,978"
28 July 2018,"₹2,977"
29 July 2018,"₹2,977"
30 July 2018,"₹2,974"
31 July 2018,"₹2,971"
01 August 2018,"₹2,946"
02 August 2018,"₹2,945"
03 August 2018,"₹2,948"
04 August 2018,"₹2,948"
05 August 2018,"₹2,948"
06 August 2018,"₹2,949"
07 August 2018,"₹2,949"
08 August 2018,"₹2,949"
09 August 2018,"₹2,949"
10 August 2018,"₹2,978"
11 August 2018,"₹2,979"
12 August 2018,"₹2,979"
13 August 2018,"₹2,982"
14 August 2018,"₹2,980"
15 August 2018,"₹2,973"
16 August 2018,"₹2,942"
17 August 2018,"₹2,940"
18 August 2018,"₹2,935"
19 August 2018,"₹2,935"
20 August 2018,"₹2,946"
21 August 2018,"₹2,958"
22 August 2018,"₹2,970"
23 August 2018,"₹2,964"
24 August 2018,"₹2,980"
25 August 2018,"₹2,989"
26 August 2018,"₹2,989"
27 August 2018,"₹3,005"
28 August 2018,"₹3,007"
29 August 2018,"₹3,010"
30 August 2018,"₹3,023"
31 August 2018,"₹3,031"
01 September 2018,"₹3,014"
02 September 2018,"₹3,014"
03 September 2018,"₹3,024"
04 September 2018,"₹3,025"
05 September 2018,"₹3,034"
06 September 2018,"₹3,066"
07 September 2018,"₹3,042"
08 September 2018,"₹3,051"
09 September 2018,"₹3,051"
10 September 2018,"₹3,066"
11 September 2018,"₹3,072"
12 September 2018,"₹3,047"
13 September 2018,"₹3,050"
14 September 2018,"₹3,061"
15 September 2018,"₹3,043"
16 September 2018,"₹3,043"
17 September 2018,"₹3,076"
18 September 2018,"₹3,086"
19 September 2018,"₹3,092"
20 September 2018,"₹3,060"
21 September 2018,"₹3,058"
22 September 2018,"₹3,057"
23 September 2018,"₹3,057"
24 September 2018,"₹3,084"
25 September 2018,"₹3,083"
26 September 2018,"₹3,060"
27 September 2018,"₹3,033"
28 September 2018,"₹3,050"
29 September 2018,"₹3,051"
30 September 2018,"₹3,051"
01 October 2018,"₹3,057"
02 October 2018,"₹3,059"
03 October 2018,"₹3,100"
04 October 2018,"₹3,100"
05 October 2018,"₹3,105"
06 October 2018,"₹3,165"
07 October 2018,"₹3,165"
08 October 2018,"₹3,122"
09 October 2018,"₹3,127"
10 October 2018,"₹3,138"
11 October 2018,"₹3,200"
12 October 2018,"₹3,182"
13 October 2018,"₹3,184"
14 October 2018,"₹3,184"
15 October 2018,"₹3,207"
16 October 2018,"₹3,187"
17 October 2018,"₹3,187"
18 October 2018,"₹3,209"
19 October 2018,"₹3,191"
20 October 2018,"₹3,191"
21 October 2018,"₹3,191"
22 October 2018,"₹3,183"
28 November 2018,"₹3,027"
29 November 2018,"₹3,028"
30 November 2018,"₹3,016"
01 December 2018,"₹3,026"
02 December 2018,"₹3,026"
03 December 2018,"₹3,084"
04 December 2018,"₹3,083"
05 December 2018,"₹3,103"
06 December 2018,"₹3,118"
07 December 2018,"₹3,134"
08 December 2018,"₹3,156"
09 December 2018,"₹3,156"
10 December 2018,"₹3,205"
11 December 2018,"₹3,196"
12 December 2018,"₹3,178"
13 December 2018,"₹3,157"
14 December 2018,"₹3,154"
15 December 2018,"₹3,154"
16 December 2018,"₹3,154"
17 December 2018,"₹3,147"
18 December 2018,"₹3,126"
19 December 2018,"₹3,116"
20 December 2018,"₹3,121"
21 December 2018,"₹3,125"
22 December 2018,"₹3,119"
23 December 2018,"₹3,119"
24 December 2018,"₹3,136"
25 December 2018,"₹3,147"
27 December 2018,"₹6,325"
28 December 2018,"₹3,174"
29 December 2018,"₹3,164"
30 December 2018,"₹3,164"
31 December 2018,"₹3,140"
01 January 2019,"₹3,141"
02 January 2019,"₹3,163"
03 January 2019,"₹3,179"
04 January 2019,"₹3,147"
05 January 2019,"₹3,146"
06 January 2019,"₹3,146"
07 January 2019,"₹3,165"
08 January 2019,"₹3,173"
09 January 2019,"₹3,196"
10 January 2019,"₹3,188"
11 January 2019,"₹3,194"
12 January 2019,"₹3,192"
13 January 2019,"₹3,192"
14 January 2019,"₹3,213"
15 January 2019,"₹3,217"
16 January 2019,"₹3,228"
17 January 2019,"₹3,225"
18 January 2019,"₹3,208"
19 January 2019,"₹3,210"
20 January 2019,"₹3,210"
21 January 2019,"₹3,205"
22 January 2019,"₹3,213"
23 January 2019,"₹3,215"
24 January 2019,"₹3,202"
25 January 2019,"₹3,233"
26 January 2019,"₹3,235"
27 January 2019,"₹3,235"
28 January 2019,"₹3,254"
29 January 2019,"₹3,286"
30 January 2019,"₹3,289"
31 January 2019,"₹3,305"
01 February 2019,"₹3,331"
02 February 2019,"₹3,341"
03 February 2019,"₹3,341"
04 February 2019,"₹3,335"
05 February 2019,"₹3,335"
06 February 2019,"₹3,333"
07 February 2019,"₹3,317"
08 February 2019,"₹3,322"
09 February 2019,"₹3,323"
10 February 2019,"₹3,323"
11 February 2019,"₹3,305"
12 February 2019,"₹3,282"
13 February 2019,"₹3,302"
14 February 2019,"₹3,308"
15 February 2019,"₹3,337"
16 February 2019,"₹3,340"
17 February 2019,"₹3,340"
18 February 2019,"₹3,360"
19 February 2019,"₹3,388"
20 February 2019,"₹3,388"
21 February 2019,"₹3,349"
22 February 2019,"₹3,352"
23 February 2019,"₹3,350"
24 February 2019,"₹3,350"
25 February 2019,"₹3,332"
26 February 2019,"₹3,338"
27 February 2019,"₹3,329"
28 February 2019,"₹3,299"
01 March 2019,"₹3,269"
02 March 2019,"₹3,266"
03 March 2019,"₹3,266"
04 March 2019,"₹3,237"
05 March 2019,"₹3,209"
06 March 2019,"₹3,195"
07 March 2019,"₹3,192"
08 March 2019,"₹3,216"
09 March 2019,"₹3,220"
10 March 2019,"₹3,220"
11 March 2019,"₹3,189"
12 March 2019,"₹3,200"
13 March 2019,"₹3,221"
14 March 2019,"₹3,181"
15 March 2019,"₹3,183"
16 March 2019,"₹3,184"
17 March 2019,"₹3,184"
18 March 2019,"₹3,166"
19 March 2019,"₹3,198"
20 March 2019,"₹3,170"
21 March 2019,"₹3,180"
22 March 2019,"₹3,216"
23 March 2019,"₹3,215"
24 March 2019,"₹3,215"
25 March 2019,"₹3,222"
26 March 2019,"₹3,211"
27 March 2019,"₹3,201"
28 March 2019,"₹3,161"
29 March 2019,"₹3,175"
30 March 2019,"₹3,170"
31 March 2019,"₹3,170"
01 April 2019,"₹3,151"
02 April 2019,"₹3,146"
03 April 2019,"₹3,144"
04 April 2019,"₹3,181"
05 April 2019,"₹3,160"
06 April 2019,"₹3,188"
07 April 2019,"₹3,188"
08 April 2019,"₹3,219"
09 April 2019,"₹3,221"
10 April 2019,"₹3,229"
11 April 2019,"₹3,175"
12 April 2019,"₹3,187"
13 April 2019,"₹3,187"
14 April 2019,"₹3,187"
15 April 2019,"₹3,186"
16 April 2019,"₹3,153"
17 April 2019,"₹3,148"
18 April 2019,"₹3,145"
19 April 2019,"₹3,147"
20 April 2019,"₹3,147"
21 April 2019,"₹3,147"
22 April 2019,"₹3,159"
23 April 2019,"₹3,156"
24 April 2019,"₹3,162"
25 April 2019,"₹3,185"
26 April 2019,"₹3,197"
27 April 2019,"₹3,194"
28 April 2019,"₹3,194"
29 April 2019,"₹3,194"
30 April 2019,"₹3,175"
01 May 2019,"₹3,176"
02 May 2019,"₹3,135"
03 May 2019,"₹3,145"
04 May 2019,"₹3,146"
05 May 2019,"₹3,146"
06 May 2019,"₹3,155"
07 May 2019,"₹3,173"
08 May 2019,"₹3,168"
09 May 2019,"₹3,190"
10 May 2019,"₹3,190"
11 May 2019,"₹3,190"
12 May 2019,"₹3,190"
13 May 2019,"₹3,249"
14 May 2019,"₹3,224"
15 May 2019,"₹3,226"
16 May 2019,"₹3,198"
17 May 2019,"₹3,179"
18 May 2019,"₹3,180"
19 May 2019,"₹3,180"
20 May 2019,"₹3,154"
21 May 2019,"₹3,142"
22 May 2019,"₹3,142"
23 May 2019,"₹3,166"
24 May 2019,"₹3,153"
25 May 2019,"₹3,153"
26 May 2019,"₹3,153"
27 May 2019,"₹3,162"
28 May 2019,"₹3,155"
29 May 2019,"₹3,174"
30 May 2019,"₹3,180"
31 May 2019,"₹3,212"
01 June 2019,"₹3,207"
02 June 2019,"₹3,207"
03 June 2019,"₹3,243"
04 June 2019,"₹3,249"
05 June 2019,"₹3,279"
06 June 2019,"₹3,281"
07 June 2019,"₹3,295"
08 June 2019,"₹3,294"
09 June 2019,"₹3,294"
10 June 2019,"₹3,267"
11 June 2019,"₹3,264"
12 June 2019,"₹3,275"
13 June 2019,"₹3,298"
14 June 2019,"₹3,304"
15 June 2019,"₹3,307"
16 June 2019,"₹3,307"
17 June 2019,"₹3,301"
18 June 2019,"₹3,304"
19 June 2019,"₹3,308"
20 June 2019,"₹3,402"
21 June 2019,"₹3,416"
22 June 2019,"₹3,418"
23 June 2019,"₹3,418"
24 June 2019,"₹3,446"
25 June 2019,"₹3,457"
26 June 2019,"₹3,439"
27 June 2019,"₹3,417"
28 June 2019,"₹3,420"
29 June 2019,"₹3,420"
30 June 2019,"₹3,420"
01 July 2019,"₹3,365"
02 July 2019,"₹3,402"
03 July 2019,"₹3,423"
04 July 2019,"₹3,424"
05 July 2019,"₹3,459"
06 July 2019,"₹3,456"
07 July 2019,"₹3,456"
08 July 2019,"₹3,458"
09 July 2019,"₹3,460"
10 July 2019,"₹3,487"
11 July 2019,"₹3,469"
12 July 2019,"₹3,495"
13 July 2019,"₹3,494"
14 July 2019,"₹3,494"
15 July 2019,"₹3,488"
16 July 2019,"₹3,482"
17 July 2019,"₹3,510"
18 July 2019,"₹3,519"
19 July 2019,"₹3,502"
20 July 2019,"₹3,505"
21 July 2019,"₹3,505"
22 July 2019,"₹3,513"
23 July 2019,"₹3,503"
24 July 2019,"₹3,505"
25 July 2019,"₹3,483"
26 July 2019,"₹3,478"
27 July 2019,"₹3,477"
28 July 2019,"₹3,477"
29 July 2019,"₹3,471"
30 July 2019,"₹3,455"
31 July 2019,"₹3,453"
01 August 2019,"₹3,500"
02 August 2019,"₹3,558"
03 August 2019,"₹3,555"
04 August 2019,"₹3,555"
05 August 2019,"₹3,654"
06 August 2019,"₹3,751"
07 August 2019,"₹3,820"
08 August 2019,"₹3,779"
09 August 2019,"₹3,800"
10 August 2019,"₹3,798"
11 August 2019,"₹3,798"
12 August 2019,"₹3,824"
13 August 2019,"₹3,779"
14 August 2019,"₹3,816"
15 August 2019,"₹3,820"
16 August 2019,"₹3,796"
17 August 2019,"₹3,801"
18 August 2019,"₹3,801"
19 August 2019,"₹3,783"
20 August 2019,"₹3,802"
21 August 2019,"₹3,800"
22 August 2019,"₹3,815"
23 August 2019,"₹3,876"
24 August 2019,"₹3,881"
25 August 2019,"₹3,881"
26 August 2019,"₹3,883"
27 August 2019,"₹3,904"
28 August 2019,"₹3,919"
29 August 2019,"₹3,879"
30 August 2019,"₹3,866"
31 August 2019,"₹3,866"
01 September 2019,"₹3,866"
02 September 2019,"₹3,912"
03 September 2019,"₹3,969"
04 September 2019,"₹3,985"
05 September 2019,"₹3,890"
06 September 2019,"₹3,858"
07 September 2019,"₹3,857"
08 September 2019,"₹3,857"
09 September 2019,"₹3,849"
10 September 2019,"₹3,825"
11 September 2019,"₹3,797"
12 September 2019,"₹3,772"
13 September 2019,"₹3,752"
14 September 2019,"₹3,752"
15 September 2019,"₹3,752"
16 September 2019,"₹3,820"
17 September 2019,"₹3,800"
18 September 2019,"₹3,786"
19 September 2019,"₹3,772"
20 September 2019,"₹3,772"
21 September 2019,"₹3,773"
22 September 2019,"₹3,773"
23 September 2019,"₹3,793"
24 September 2019,"₹3,812"
25 September 2019,"₹3,761"
26 September 2019,"₹3,780"
27 September 2019,"₹3,776"
28 September 2019,"₹3,774"
29 September 2019,"₹3,774"
30 September 2019,"₹3,689"
01 October 2019,"₹3,730"
02 October 2019,"₹3,733"
03 October 2019,"₹3,800"
04 October 2019,"₹3,807"
05 October 2019,"₹3,832"
06 October 2019,"₹3,832"
07 October 2019,"₹3,808"
08 October 2019,"₹3,841"
09 October 2019,"₹3,850"
10 October 2019,"₹3,814"
11 October 2019,"₹3,785"
12 October 2019,"₹3,786"
13 October 2019,"₹3,786"
14 October 2019,"₹3,825"
15 October 2019,"₹3,804"
16 October 2019,"₹3,822"
17 October 2019,"₹3,821"
18 October 2019,"₹3,809"
19 October 2019,"₹3,809"
20 October 2019,"₹3,809"
21 October 2019,"₹3,809"
22 October 2019,"₹3,790"
23 October 2019,"₹3,800"
24 October 2019,"₹3,837"
25 October 2019,"₹3,827"
26 October 2019,"₹3,828"
27 October 2019,"₹3,829"
28 October 2019,"₹3,791"
29 October 2019,"₹3,790"
30 October 2019,"₹3,809"
31 October 2019,"₹3,858"
01 November 2019,"₹3,831"
02 November 2019,"₹3,832"
03 November 2019,"₹3,832"
04 November 2019,"₹3,844"
05 November 2019,"₹3,793"
06 November 2019,"₹3,821"
07 November 2019,"₹3,756"
08 November 2019,"₹3,768"
09 November 2019,"₹3,769"
10 November 2019,"₹3,769"
11 November 2019,"₹3,768"
12 November 2019,"₹3,772"
13 November 2019,"₹3,809"
14 November 2019,"₹3,824"
15 November 2019,"₹3,798"
16 November 2019,"₹3,797"
17 November 2019,"₹3,797"
18 November 2019,"₹3,821"
19 November 2019,"₹3,822"
20 November 2019,"₹3,802"
21 November 2019,"₹3,799"
22 November 2019,"₹3,792"
23 November 2019,"₹3,790"
24 November 2019,"₹3,790"
25 November 2019,"₹3,773"
26 November 2019,"₹3,770"
27 November 2019,"₹3,758"
28 November 2019,"₹3,768"
29 November 2019,"₹3,804"
30 November 2019,"₹3,803"
01 December 2019,"₹3,803"
02 December 2019,"₹3,795"
03 December 2019,"₹3,840"
04 December 2019,"₹3,816"
05 December 2019,"₹3,824"
06 December 2019,"₹3,772"
07 December 2019,"₹3,769"
08 December 2019,"₹3,769"
09 December 2019,"₹3,760"
10 December 2019,"₹3,758"
11 December 2019,"₹3,770"
12 December 2019,"₹3,755"
13 December 2019,"₹3,774"
14 December 2019,"₹3,781"
15 December 2019,"₹3,781"
16 December 2019,"₹3,786"
17 December 2019,"₹3,793"
18 December 2019,"₹3,791"
19 December 2019,"₹3,807"
20 December 2019,"₹3,803"
21 December 2019,"₹3,798"
22 December 2019,"₹3,798"
23 December 2019,"₹3,821"
24 December 2019,"₹3,861"
25 December 2019,"₹3,865"
26 December 2019,"₹3,887"
27 December 2019,"₹3,907"
28 December 2019,"₹3,909"
29 December 2019,"₹3,909"
30 December 2019,"₹3,900"
31 December 2019,"₹3,911"
01 January 2020,"₹3,909"
02 January 2020,"₹3,927"
03 January 2020,"₹4,008"
04 January 2020,"₹4,013"
05 January 2020,"₹4,013"
06 January 2020,"₹4,045"
07 January 2020,"₹4,066"
08 January 2020,"₹4,008"
09 January 2020,"₹3,978"
10 January 2020,"₹3,986"
11 January 2020,"₹3,987"
12 January 2020,"₹3,987"
13 January 2020,"₹3,957"
14 January 2020,"₹3,944"
15 January 2020,"₹3,959"
16 January 2020,"₹3,968"
17 January 2020,"₹3,991"
18 January 2020,"₹3,997"
19 January 2020,"₹3,997"
20 January 2020,"₹3,996"
21 January 2020,"₹3,992"
22 January 2020,"₹3,990"
23 January 2020,"₹4,028"
24 January 2020,"₹4,032"
25 January 2020,"₹4,037"
26 January 2020,"₹4,037"
27 January 2020,"₹4,057"
28 January 2020,"₹4,016"
29 January 2020,"₹4,033"
30 January 2020,"₹4,095"
31 January 2020,"₹4,099"
01 February 2020,"₹4,123"
02 February 2020,"₹4,123"
03 February 2020,"₹4,065"
04 February 2020,"₹4,012"
05 February 2020,"₹4,023"
06 February 2020,"₹4,036"
07 February 2020,"₹4,061"
08 February 2020,"₹4,066"
09 February 2020,"₹4,065"
10 February 2020,"₹4,067"
11 February 2020,"₹4,041"
12 February 2020,"₹4,048"
13 February 2020,"₹4,063"
14 February 2020,"₹4,068"
15 February 2020,"₹4,100"
16 February 2020,"₹4,098"
17 February 2020,"₹4,078"
18 February 2020,"₹4,142"
19 February 2020,"₹4,158"
20 February 2020,"₹4,206"
21 February 2020,"₹4,266"
22 February 2020,"₹4,270"
23 February 2020,"₹8,540"
24 February 2020,"₹4,353"
25 February 2020,"₹4,275"
26 February 2020,"₹4,251"
27 February 2020,"₹4,234"
28 February 2020,"₹4,150"
29 February 2020,"₹4,141"
01 March 2020,"₹8,260"
02 March 2020,"₹4,204"
03 March 2020,"₹4,341"
04 March 2020,"₹4,356"
05 March 2020,"₹4,440"
06 March 2020,"₹4,404"
07 March 2020,"₹4,423"
08 March 2020,"₹4,424"
09 March 2020,"₹4,436"
10 March 2020,"₹4,374"
11 March 2020,"₹4,340"
12 March 2020,"₹4,228"
13 March 2020,"₹4,029"
14 March 2020,"₹4,046"
15 March 2020,"₹4,046"
16 March 2020,"₹3,963"
17 March 2020,"₹4,033"
18 March 2020,"₹3,982"
19 March 2020,"₹3,982"
20 March 2020,"₹4,038"
21 March 2020,"₹4,038"
22 March 2020,"₹4,038"
23 March 2020,"₹4,124"
24 March 2020,"₹4,127"
25 March 2020,"₹4,215"
26 March 2020,"₹4,360"
27 March 2020,"₹4,353"
28 March 2020,"₹4,356"
29 March 2020,"₹4,356"
30 March 2020,"₹4,380"
31 March 2020,"₹4,325"
01 April 2020,"₹4,350"
02 April 2020,"₹4,350"
03 April 2020,"₹4,365"
04 April 2020,"₹4,365"
05 April 2020,"₹4,371"
06 April 2020,"₹4,372"
07 April 2020,"₹4,512"
08 April 2020,"₹4,493"
09 April 2020,"₹4,531"
10 April 2020,"₹4,531"
11 April 2020,"₹4,530"
12 April 2020,"₹4,530"
13 April 2020,"₹4,627"
14 April 2020,"₹4,627"
15 April 2020,"₹4,672"
16 April 2020,"₹4,728"
17 April 2020,"₹4,566"
18 April 2020,"₹4,566"
19 April 2020,"₹4,566"
20 April 2020,"₹4,571"
21 April 2020,"₹4,535"
22 April 2020,"₹4,618"
23 April 2020,"₹4,662"
24 April 2020,"₹4,651"
25 April 2020,"₹4,660"
26 April 2020,"₹4,660"
27 April 2020,"₹4,626"
28 April 2020,"₹4,579"
29 April 2020,"₹4,569"
30 April 2020,"₹4,535"
01 May 2020,"₹4,511"
02 May 2020,"₹4,556"
03 May 2020,"₹4,556"
04 May 2020,"₹4,566"
05 May 2020,"₹4,548"
06 May 2020,"₹4,547"
07 May 2020,"₹4,554"
08 May 2020,"₹4,603"
09 May 2020,"₹4,585"
10 May 2020,"₹4,585"
11 May 2020,"₹4,574"
12 May 2020,"₹4,578"
13 May 2020,"₹4,595"
14 May 2020,"₹4,663"
15 May 2020,"₹4,715"
16 May 2020,"₹4,736"
17 May 2020,"₹4,736"
18 May 2020,"₹4,698"
19 May 2020,"₹4,712"
20 May 2020,"₹4,693"
21 May 2020,"₹4,630"
22 May 2020,"₹4,698"
23 May 2020,"₹4,706"
24 May 2020,"₹4,706"
25 May 2020,"₹4,685"
26 May 2020,"₹4,643"
27 May 2020,"₹4,610"
28 May 2020,"₹4,669"
29 May 2020,"₹4,681"
30 May 2020,"₹4,656"
31 May 2020,"₹4,656"
01 June 2020,"₹4,683"
02 June 2020,"₹4,683"
03 June 2020,"₹4,590"
04 June 2020,"₹4,660"
05 June 2020,"₹4,675"
06 June 2020,"₹4,574"
07 June 2020,"₹4,574"
08 June 2020,"₹4,602"
09 June 2020,"₹4,662"
10 June 2020,"₹4,676"
11 June 2020,"₹4,759"
12 June 2020,"₹4,752"
13 June 2020,"₹4,736"
14 June 2020,"₹4,736"
15 June 2020,"₹4,692"
16 June 2020,"₹4,722"
17 June 2020,"₹4,738"
18 June 2020,"₹4,723"
19 June 2020,"₹4,772"
20 June 2020,"₹4,793"
21 June 2020,"₹4,793"
22 June 2020,"₹4,809"
23 June 2020,"₹4,814"
24 June 2020,"₹4,831"
25 June 2020,"₹4,796"
26 June 2020,"₹4,784"
27 June 2020,"₹4,832"
28 June 2020,"₹4,832"
29 June 2020,"₹4,836"
30 June 2020,"₹4,864"
01 July 2020,"₹4,819"
02 July 2020,"₹4,814"
03 July 2020,"₹4,805"
04 July 2020,"₹4,805"
05 July 2020,"₹4,805"
06 July 2020,"₹4,815"
07 July 2020,"₹4,868"
08 July 2020,"₹4,929"
09 July 2020,"₹4,903"
10 July 2020,"₹4,902"
11 July 2020,"₹4,888"
12 July 2020,"₹4,888"
13 July 2020,"₹4,902"
14 July 2020,"₹4,923"
15 July 2020,"₹4,909"
16 July 2020,"₹4,904"
17 July 2020,"₹4,894"
18 July 2020,"₹4,897"
19 July 2020,"₹4,897"
20 July 2020,"₹4,911"
21 July 2020,"₹4,941"
22 July 2020,"₹4,991"
23 July 2020,"₹5,064"
24 July 2020,"₹5,104"
25 July 2020,"₹5,101"
26 July 2020,"₹5,101"
27 July 2020,"₹5,210"
28 July 2020,"₹5,255"
29 July 2020,"₹5,275"
30 July 2020,"₹5,285"
31 July 2020,"₹5,350"
01 August 2020,"₹5,385"
02 August 2020,"₹5,385"
03 August 2020,"₹5,389"
04 August 2020,"₹5,420"
05 August 2020,"₹5,407"
06 August 2020,"₹5,576"
07 August 2020,"₹5,528"
08 August 2020,"₹5,487"
09 August 2020,"₹5,487"
10 August 2020,"₹5,522"
11 August 2020,"₹5,246"
12 August 2020,"₹5,218"
13 August 2020,"₹5,239"
14 August 2020,"₹5,247"
15 August 2020,"₹5,218"
16 August 2020,"₹5,218"
17 August 2020,"₹5,328"
18 August 2020,"₹5,311"
19 August 2020,"₹5,279"
20 August 2020,"₹5,213"
21 August 2020,"₹5,192"
22 August 2020,"₹5,199"
23 August 2020,"₹5,199"
24 August 2020,"₹5,137"
25 August 2020,"₹5,095"
26 August 2020,"₹5,152"
27 August 2020,"₹5,076"
28 August 2020,"₹5,130"
29 August 2020,"₹5,140"
30 August 2020,"₹5,140"
31 August 2020,"₹5,165"
01 September 2020,"₹5,153"
02 September 2020,"₹5,096"
03 September 2020,"₹5,075"
04 September 2020,"₹5,062"
05 September 2020,"₹5,074"
06 September 2020,"₹5,074"
07 September 2020,"₹5,086"
08 September 2020,"₹5,087"
09 September 2020,"₹5,142"
10 September 2020,"₹5,168"
11 September 2020,"₹5,156"
12 September 2020,"₹5,133"
13 September 2020,"₹5,133"
14 September 2020,"₹5,177"
15 September 2020,"₹5,164"
16 September 2020,"₹5,189"
17 September 2020,"₹5,148"
18 September 2020,"₹5,165"
19 September 2020,"₹5,172"
20 September 2020,"₹5,173"
21 September 2020,"₹5,008"
22 September 2020,"₹5,035"
23 September 2020,"₹4,962"
24 September 2020,"₹4,954"
25 September 2020,"₹4,965"
26 September 2020,"₹4,969"
27 September 2020,"₹4,969"
28 September 2020,"₹4,975"
29 September 2020,"₹5,041"
30 September 2020,"₹5,050"
01 October 2020,"₹5,064"
02 October 2020,"₹5,064"
03 October 2020,"₹5,064"
04 October 2020,"₹5,064"
05 October 2020,"₹5,010"
06 October 2020,"₹5,088"
07 October 2020,"₹4,996"
08 October 2020,"₹5,012"
09 October 2020,"₹5,092"
10 October 2020,"₹5,083"
11 October 2020,"₹5,086"
12 October 2020,"₹5,113"
13 October 2020,"₹5,024"
14 October 2020,"₹5,065"
15 October 2020,"₹5,046"
16 October 2020,"₹5,052"
17 October 2020,"₹5,055"
18 October 2020,"₹5,055"
19 October 2020,"₹5,070"
20 October 2020,"₹5,082"
21 October 2020,"₹5,143"
